id,numberOfASTs,revisionCommit,projectNames,buildTools,projectUrls,stars,numberOfRefs
9885648,520,5a87a7ff1f8ff18b925b44f276a43739775ff768,CloudifySource/cosmo-messaging,maven,https://github.com/CloudifySource/cosmo-messaging,-1,10
9262729,5818,92a6a681ea4efad5e508dc5a80cb259d24c3746c,basilgor/gerrit,eclipse|maven,https://github.com/basilgor/gerrit,0,2
12794630,1513,49f945e3e1dd9dabd816dbfb344bf1415587e865,apivovarov/apache-hive,ant|eclipse|maven,https://github.com/apivovarov/apache-hive,-1,5
10719555,772,4af377c266b83e04a811fd3bf983bd3935441abb,humbhenri/MangaReader,idea|maven,https://github.com/humbhenri/MangaReader,-1,2
4178952,104,5773bdb70cfbe43a3b95b29096d6b7c7864cd7a2,lukecampbell/rpctesting,maven,https://github.com/lukecampbell/rpctesting,1,2
5116196,8389,c793aa9141bf18a8ad13123cbbe4e16e6e6e2442,pauljohnson75/android_external_guava,maven,https://github.com/pauljohnson75/android_external_guava,1,22
9056142,1163,4354a2614e8be514018bae4453dc2441d026cb6d,puniverse/quasar,gradle,https://github.com/puniverse/quasar,2638,14
6802154,709,5627f9031d39dcfde547b6744c51e2451ce651d8,fredrikbackstrom/workerwizard,maven|eclipse,https://github.com/fredrikbackstrom/workerwizard,1,10
10040960,74666,b93cfa42e1498c65d452765b97fd9237d6884ed4,jclouds/jclouds,maven|ant|eclipse,https://github.com/jclouds/jclouds,313,2797
7676364,416,5e49d5f940f9dbd2538fb890f0cc6697068c74ac,forcedotcom/phoenix,eclipse|ant|maven,https://github.com/forcedotcom/phoenix,546,6
7488565,299,d20d3482ae2b40e35d124d6146368687e0d1498d,jbcazaux/guavafun,maven,https://github.com/jbcazaux/guavafun,0,4
8827671,158,06b7b4abe0b94c286ac00cd989d36dd141dee8ed,Softhouse/jargo,maven,https://github.com/Softhouse/jargo,12,4
12769575,396,a4d589a6f330365fe7e6f053d9c976bbc42a1651,lneves/javardices,eclipse|ant|maven,https://github.com/lneves/javardices,2,3
3885791,688,6e36129b0642766b6a55b94d8a4984650a4d0f6f,hhulwath/sandbox,maven,https://github.com/hhulwath/sandbox,1,4
12020642,8919,1ae95d016c9abb7dddc1af3974e271b79ff3b8d4,rouzwawi/trickle,maven,https://github.com/rouzwawi/trickle,0,240
921110,1935,c874ad2fb60b6d989fcb456b2b6c52aebef8974f,jclouds/legacy-jclouds-chef,maven,https://github.com/jclouds/legacy-jclouds-chef,31,124
9630006,389,1f69396f375626f944b638477d20c0eab73c69c9,lauraluiz/ecommhack,,https://github.com/lauraluiz/ecommhack,0,2
8589839,219,79fc555049544581501bdd9e0a22f39575bc22d7,oliver32767/MonkeyBoard,ant,https://github.com/oliver32767/MonkeyBoard,0,3
13712248,17957,f83bd3a20f06dd9b3ab788f8ae8f661555ba49c8,gaohao/guava-libraries,ant|maven,https://github.com/gaohao/guava-libraries,-1,35
2949690,625,4c43e8d9edfa37225d050820723c32605ad78770,mateuszszulc/IntelliDict,idea|maven,https://github.com/mateuszszulc/IntelliDict,2,2
3723048,533,f8b49ff0c9a013d7ebff5bd0aad8ddd9bd82e7bd,ghais/rice-java-client,maven,https://github.com/ghais/rice-java-client,1,4
4484894,3267,801162bc54c5f1d5744a28a2844b24289d9495d7,jclawson/hazeltask,maven|eclipse,https://github.com/jclawson/hazeltask,37,14
7502247,609,0a15b13e7ec6752b1adb5b063a7cc6f3e6852bad,codefollower/Lealone,maven|ant,https://github.com/codefollower/Lealone,792,4
3777940,16702,a2468a734875d32b1ff836ab23981bb14e6a3a11,blockchain/My-Wallet-Android,maven|android|ant|idea,https://github.com/blockchain/My-Wallet-Android,-1,21
4549018,78,a2da287b4e79a7cce7fda6768178b8d9a4d084a8,sdslnmd/learn,maven|idea,https://github.com/sdslnmd/learn,1,1
9383144,14411,f1845dd55253a9a605e27185549248a9c0059ed1,imsaguy/bitcoinj,ant|maven,https://github.com/imsaguy/bitcoinj,0,19
748396,542,0db3dd523f99c92e0a2aa6a46999772cb51204bb,banshee/AndroidProguardScala,eclipse|sbt|ant|maven,https://github.com/banshee/AndroidProguardScala,145,2
7341134,12835,77e10735c9d7ed7aabff29e6fee1f93d8b01ea84,itm/decentsparql,maven|eclipse,https://github.com/itm/decentsparql,1,242
6076697,539,247cf534ab0095d2eeb0c00fe5b67e0a48745fdf,steveloughran/whirr,ant|maven,https://github.com/steveloughran/whirr,5,1
10562844,17243,8906125d47280902d9580599abc1a169627d5fa4,ttron/lab,eclipse|maven|ant|android|gradle|sbt|idea,https://github.com/ttron/lab,-1,385
12540844,1257,ea945899981276f3c280a190c4df40642d983686,igd-geo/hale,maven|eclipse|ant|gradle,https://github.com/igd-geo/hale,16,6
9948499,2574,b7f2e1f90c3b2f13890a7a84c0b7aa02f70c1db7,dclements/makrut,gradle,https://github.com/dclements/makrut,0,31
12604292,1726,1e73f1deb7d090748515eb8ab07caa4cc706834e,justinsb/jetcd,maven,https://github.com/justinsb/jetcd,120,10
6863597,3010,4a651798774a53bd1b3edb1062809f993230ffff,Cybion-Italy/abdera2,maven|ant,https://github.com/Cybion-Italy/abdera2,0,2
13695120,124,518b09da0245cbbb0e64591d7bb2351eff4a128d,libin/s3distcp,maven,https://github.com/libin/s3distcp,11,1
6662274,672,abc4fc5279a7bd63b3c9c7493e86c6f54a713338,scventuresllc/swiftopencollab-android,maven|android,https://github.com/scventuresllc/swiftopencollab-android,0,3
13750737,723,91eac51d8b827387ce2cd8034719024e572f8418,cyberaleks/XClouds,maven,https://github.com/cyberaleks/XClouds,0,48
12839537,4997,867daed6bc9433cbc7da13cdc6598ff0e8b79630,TarantulaTechnology/netflixoss,gradle|maven|android,https://github.com/TarantulaTechnology/netflixoss,1,24
11361430,8778,7c78b61e921cee2e1a2dfea714f262d7312812d7,dreamevil/chromiumforandroid,eclipse|android,https://github.com/dreamevil/chromiumforandroid,0,9
1475406,2113,988e5e8555cf337dbb7c16d2dadc7b446bf1ecef,dain/galaxy-server,maven,https://github.com/dain/galaxy-server,18,3
6734458,365,7e58ed04cd1bc6f8b2d8bcfa9f2ff99c7853cf15,kstyrc/dri-service,maven,https://github.com/kstyrc/dri-service,0,2
11037560,403,1f279e661c9b106db6e00ac51e189ae40de07344,m477h3w1012/CyniChat,eclipse|maven,https://github.com/m477h3w1012/CyniChat,0,2
8073568,105,a459e99c3fc68d02eec92f17b6d05c79dd322ed3,Hitta/config-utils,maven,https://github.com/Hitta/config-utils,0,1
1187243,28084,1339549faf23d6b55648e345df66063b41ab454c,DarkSlayerz/ProjectBeneluxServer,,https://github.com/DarkSlayerz/ProjectBeneluxServer,1,2
8408260,166,fed188696e4ea8f1064738a52530d16c5ae0a49c,samcday/bincrawl,maven,https://github.com/samcday/bincrawl,1,2
8095639,462,2985a8c35b25917b02f83c2ce0d0fd3b9b42de2f,Pseudo-Ingenieurs/Repo-1,maven,https://github.com/Pseudo-Ingenieurs/Repo-1,0,5
6972004,305,9d826f725e49893e229a8f576a072e8777739284,dancerjohn/LibEx,maven,https://github.com/dancerjohn/LibEx,6,13
9264560,1917,c8e2a2da5a6c09244f6ada80fa380c9ac51d95bf,airlift/airlift-rack,maven,https://github.com/airlift/airlift-rack,3,14
8559105,612,c4bcfb1d8e459949855184c352e8667892102f6b,Citytechinc/osgi-service-monitor,maven,https://github.com/Citytechinc/osgi-service-monitor,0,1
4728258,138,3abe63370ebad8ac6aa4ebb3eea5ba50dc4df65f,fpavageau/futures-graph-sample,maven,https://github.com/fpavageau/futures-graph-sample,0,6
9187110,6687,7fbde4b598f4fffd7e71d27f28f0e641897236cd,mubeenh/wave,ant,https://github.com/mubeenh/wave,0,31
13353910,971,0ead66a6710940abfe67322c7df244f819f152fc,pgorla/usergrid,maven,https://github.com/pgorla/usergrid,0,5
8822093,30941,b6b063e6a890e78c91e0c0897330a3e191147980,continuuity/weave,gradle|maven,https://github.com/continuuity/weave,-1,174
13558261,247,ea93134b20e92e640b7edd9104e51b75a22b718b,spotify/sparkey-java,maven,https://github.com/spotify/sparkey-java,65,2
8954366,183,b820cb88f28123ec4c217b832730567eb3960453,Ordre-des-peons/QuizzRestlet,maven,https://github.com/Ordre-des-peons/QuizzRestlet,0,3
11652003,637,7b3d98b67992db9aa8331b348fd98c7d7e2a76f2,tildeio/moneta,maven,https://github.com/tildeio/moneta,0,7
5527182,16556,55e9d365de43c97921e854c3bf5390089873d72e,nitroglycerine33/platform_external_guava,maven|eclipse,https://github.com/nitroglycerine33/platform_external_guava,0,28
3873073,4726,ef0253b92d593a02c64d1aaf7a2fe9ef49249512,somehume/wavefu,ant|eclipse,https://github.com/somehume/wavefu,1,18
9924893,3486,a3fd42255ea446ad6bdfb5d936339df72412da28,dustyneuron/bitprivacy,eclipse|maven,https://github.com/dustyneuron/bitprivacy,4,5
206444,1542,6e65c2069df249b02954c64f63c9e679477a131e,apache/hive,ant|eclipse|maven,https://github.com/apache/hive,1397,5
7644397,1165,315e6502697d7992e071880379bdb4617085eaae,ghik/sg-swift,eclipse|maven,https://github.com/ghik/sg-swift,0,2
13173595,186,3494aad5c1605b35606034b6409020bf3811d408,nickman/jboss7Sample,eclipse|maven,https://github.com/nickman/jboss7Sample,1,4
9086315,8771,64216e66336a5fc64075e6ec68c64a5632173d39,INLHELL/setvers,maven|eclipse,https://github.com/INLHELL/setvers,0,9
7550932,2770,5f26f4528e7d45c7ef73463d8e96dfd6b2ea74e1,zjshen/hadoop-common,ant|eclipse|maven,https://github.com/zjshen/hadoop-common,-1,50
7753355,946,3143d91d00851aaa18740d1b797ccbd193c20fdc,thriftzmq/thriftzmq-java,ant|maven,https://github.com/thriftzmq/thriftzmq-java,7,16
762119,3008,672e2f1f15b7ef4eeb653f29175974e887d46558,atlasapi/atlas,maven,https://github.com/atlasapi/atlas,33,35
9263208,367,9b12846221e2ed960dc1b3e9cd4f8b60b1367c49,jclouds/legacy-jclouds-labs-openstack,maven,https://github.com/jclouds/legacy-jclouds-labs-openstack,0,32
6716406,266,284fe8865fc6b642b809aada1df98c54b3ba122a,debop/jvm-experiments,maven|ant,https://github.com/debop/jvm-experiments,1,8
11233996,1361,50fc7497b980af0bab622c085f0fcac3d2220895,immutables/org.immutables,maven,https://github.com/immutables/org.immutables,1607,18
10295675,8991,a4bda2df463d17e5daac4e0da4812da5228a2181,dongjinleekr/guava-boosted,ant|maven,https://github.com/dongjinleekr/guava-boosted,-1,22
12959929,3463,8ee57a24eb9050d6fc5afb633f1f1b8129b4d40b,goldcoin/goldcoin-android,maven|android,https://github.com/goldcoin/goldcoin-android,2,12
13781791,74,b5ab447deb9f1f3b1abb9494968c0ffaa861ed4e,mehant/incubator-drill,maven,https://github.com/mehant/incubator-drill,0,2
13486560,2044,3fea1d295eb121f8579ea3461553dfc4836da57d,fathomdb/cloud,maven,https://github.com/fathomdb/cloud,48,6
9881773,20406,e13f2d10e1dc12af0ff6d20734ca63c017d8ec5b,elka-projekt/cs-voltdb,ant,https://github.com/elka-projekt/cs-voltdb,1,32
9723252,340,a0b8718207a8f8ababe3440a37e9736a8e4e926b,mohitarora/s3client,maven,https://github.com/mohitarora/s3client,1,2
4604367,7307,8b67aee5ff0857083b3e6ae784af212ffc8edebb,sirixdb/sirix,maven,https://github.com/sirixdb/sirix,45,2
9721255,28585,b9d74f5d82314487fcdbd484b5776f60f922ecc5,hank/litecoinj,ant|maven,https://github.com/hank/litecoinj,9,38
4238016,630,ba04df4cbfe0ad076677ef60090de71cec03d0e1,blizzy78/documentr,eclipse|maven,https://github.com/blizzy78/documentr,14,4
9838228,173,9093f44ee6baadca2af455399e07515dfe193bdb,txtr/vaadin-tasks,maven,https://github.com/txtr/vaadin-tasks,1,1
10976517,5053,a3aadacd7c1ccd819420a73975a08ba67110decb,wikimedia/operations-debs-buck,eclipse|idea|ant|android,https://github.com/wikimedia/operations-debs-buck,-1,27
6863162,502,8fb3babc8b230f08780c664dab3bea1204559c3f,Pyranja/binary-storage,maven,https://github.com/Pyranja/binary-storage,-1,14
6281707,1324,f2d08198f6e2c4b4f6cc268c60aed910b48865ec,StreamReduce/streamreduce-core,maven,https://github.com/StreamReduce/streamreduce-core,21,1
3941848,281,0ddbc07792d84f2f97a6b866c9d53c07e272ea5d,kurshin/LifeTrack,eclipse|android,https://github.com/kurshin/LifeTrack,0,7
4809762,820,1222d33238caeac4a29203e00783ab3aff99b43d,after-the-sunrise/commons-ats,eclipse|maven,https://github.com/after-the-sunrise/commons-ats,1,29
4678495,1207,2993554f2471f8b75fca4430e3ddb6de2d7da4aa,nipra/Jafun,ant|maven|gradle,https://github.com/nipra/Jafun,5,34
711440,11580,f3dc2792f2b7b48cadeb21b961b866650da5c624,itm/testbed-runtime,maven,https://github.com/itm/testbed-runtime,16,54
9071777,330,be9fba6f9e194f9d09bf29385d33db549b050e53,dongaihua/highlight-elasticsearch,idea|gradle|maven,https://github.com/dongaihua/highlight-elasticsearch,0,2
10439434,3439,f840f89b7bcb4ba53d6682d1251b8c21332d603e,mcaprari/botto,maven|idea,https://github.com/mcaprari/botto,2,16
10192349,8857,067fcb32ba43d7d23f2bbc7e971533879c7c1446,tyskin/guava,maven,https://github.com/tyskin/guava,4,21
4368712,2930,43f3e4e12db1bee6d19e579ece87ec10e98e6640,jersey/jersey,maven|ant|gradle,https://github.com/jersey/jersey,2162,10
4115663,1899,3365084e2f751c6e4c639931d1c0652fcfa02c8a,geosolutions-it/geofence,maven,https://github.com/geosolutions-it/geofence,4,6
6740033,591,700deec79f5301d03d87d60cfa12fb36d01817e9,norvigaward/naward18,maven,https://github.com/norvigaward/naward18,0,2
7675044,1341,268e339ef702b89b1ad62ce9ec21504102d8feb4,physion/ovation-ui2,maven,https://github.com/physion/ovation-ui2,1,6
2565575,190,55cff59da328c5672874305518209cb66a947de8,lowasser/LUScheduling,eclipse|maven,https://github.com/lowasser/LUScheduling,7,1
3637752,8813,f1cbc17c537b8385c9991bcfe1060dc9f4e09c55,Mindtoeye/Hoop,eclipse|ant,https://github.com/Mindtoeye/Hoop,0,9
9058204,1487,7b50477fd949976eac7ae64a8d76b85058b62c0e,amikryukov/newJagger,maven,https://github.com/amikryukov/newJagger,0,11
10253222,392,37cd98ab2d906cf0426ffcf5586244773c275dcb,Zipwhip/zipwhip-signals,maven,https://github.com/Zipwhip/zipwhip-signals,2,1
4017779,248,7a9da8b67743bd67db212846a31341a8b29304cf,adamd/z,maven|eclipse,https://github.com/adamd/z,10,2
4654713,294,d15ed24e67b6f55bcf6284791fdc2cb7abdeb7ed,appfirst/nagios-plugins,maven|gradle,https://github.com/appfirst/nagios-plugins,17,2
13145682,410,b9c246f8075d6e9b19f4284177ee36a8049f5390,moTwin/Real-Time-Twitter-Push-Connector,android|maven|eclipse,https://github.com/moTwin/Real-Time-Twitter-Push-Connector,0,1
10496068,1581,11545e97f68d500440b95d0e7f7720f54ad57f43,turbospaces/gserver,maven,https://github.com/turbospaces/gserver,3,6
6481312,16971,925152aaffdfb7dd5c2ca0c28e93fabd5f00673a,codesplice/platform_external_guava,ant|eclipse|maven,https://github.com/codesplice/platform_external_guava,0,30
2825121,135,551d443a3e35d99654d95bec976630288c480b5f,travuun/Pipeline,maven|eclipse,https://github.com/travuun/Pipeline,-1,1
12636156,779,9522a93dda127bdab850a00dec104997ec53563a,henry4j/-09-13-2013,ant|eclipse|maven|android,https://github.com/henry4j/-09-13-2013,0,10
240474,3526,6ed473ce66f165449f3b8027a31b61ed3de27110,apache/hadoop-common,ant|eclipse|maven,https://github.com/apache/hadoop-common,91,56
9349665,1445,f92b45843fb7dfdf8e4ab258d38b4cc22c6bf4d9,codyaray/cassandra-sc2cc,maven,https://github.com/codyaray/cassandra-sc2cc,0,4
5789329,118,b09c185613401742d2f578d1a466c856018bc5d9,nevermissing/junio,eclipse|maven,https://github.com/nevermissing/junio,-1,1
10040986,877,b84b0898c6ae1e8c532ed0d545e0deff4b1b36d1,jclouds/jclouds-labs-openstack,maven,https://github.com/jclouds/jclouds-labs-openstack,12,54
8345426,1249,b300e638e04b5cde98846b1bfd4f9a8b59e4e6c0,smarr/caliper,ant|maven|idea,https://github.com/smarr/caliper,0,5
12143761,184,123f3ef2fef19fc07d9617b50026feb1f0307f09,sladeware/groningen,eclipse|maven,https://github.com/sladeware/groningen,10,4
10152418,776,ba8c8136f74b5b396d6a9b532e0219036ead337b,mcaprari/lab,maven,https://github.com/mcaprari/lab,1,6
10824248,2101,b0c0deee3402052340971f5a0e5a21bd2ab15dca,cicavey/jzwave,eclipse|gradle,https://github.com/cicavey/jzwave,5,4
1816086,627,8e4f6bc9f3fbe7223a2c3adbe37389fc619a0703,jclouds/legacy-jclouds-karaf,maven,https://github.com/jclouds/legacy-jclouds-karaf,15,3
1384929,3711,4d05a903cfc1bf420f1e48e1ad8fff68c340488d,proofpoint/platform,maven,https://github.com/proofpoint/platform,51,40
8076365,133,3640d3be5501ce01f890dff6ab942fb478421a01,xose/java-persona-verifier,maven,https://github.com/xose/java-persona-verifier,0,2
9639129,874,5856264bbf6e3adb53aa64b38166720246b2344f,mgodave/zookeeper-client,maven,https://github.com/mgodave/zookeeper-client,0,22
11429654,1326,526867de26637383c3f47dcf6c5d56f63ebe9603,mrflip/caliper,ant|maven|idea,https://github.com/mrflip/caliper,5,5
7788524,653,cdaa5e1bf78be5b3e24a8b2ec243624f6eeea8e9,wfhartford/process-pool,maven,https://github.com/wfhartford/process-pool,0,9
8477834,620,df0779ee8ff2075ad9dd43d5f06c8ba66bea1fd0,tbroyer/promises,maven,https://github.com/tbroyer/promises,18,9
9861696,779,f9d7dfe52d924defd56da5a4802e4f8fcb760cce,henry4j/-08132013,ant|maven|eclipse|android,https://github.com/henry4j/-08132013,-1,10
4816050,406,45e250618eaba290f1834cba1a7091393b59d87c,shansun123/guava-demo,maven,https://github.com/shansun123/guava-demo,3,4
6102710,415,e7809f3c6cf63d144616862ee2bfe437c53a5335,JanGe/intellicloudbench,maven,https://github.com/JanGe/intellicloudbench,2,2
4021174,1441,253d5b2dabe780253f10bfce3bf088c48048f62b,aweisberg/JitCask,eclipse,https://github.com/aweisberg/JitCask,17,13
7660909,27,6fa6f15b5684e7e7cb4cf54e103e60cde98bc054,Numerate/numatix,eclipse|ant,https://github.com/Numerate/numatix,-1,1
10041001,2207,c20d6f03d2cc611a3d5b88ef6e7d7d56b00dd263,jclouds/jclouds-chef,maven,https://github.com/jclouds/jclouds-chef,6,130
4520515,17007,fc53e40abbf210b788c501cb7f28123d7ec720fe,mkeesey/guava-for-small-classpaths,ant|maven,https://github.com/mkeesey/guava-for-small-classpaths,1,30
8955745,120,f4085a926e8acfb407f87d29f567b2deebc8b2ec,ViveLesPates/projet,maven,https://github.com/ViveLesPates/projet,0,2
8636833,5910,4f4449f602f3857c55855abbf2b7636b67d76c5b,teamblueridge/gerrit,eclipse|maven,https://github.com/teamblueridge/gerrit,0,2
8575948,1369,29f84ccb38f724a7b3f5deef907cae3c0e5ac1a0,NGDATA/hbase-indexer,maven,https://github.com/NGDATA/hbase-indexer,199,1
6969798,195,519f9a709a1db0b4da8457b72ec4fd2726eff91c,dma-ais/AisStore,eclipse|maven,https://github.com/dma-ais/AisStore,7,1
3596323,17237,08a93dd79f9b45c50a450e94d3d7c29a8d60166d,lowasser/guava-experimental,ant|maven,https://github.com/lowasser/guava-experimental,2,30
7385922,16971,4ea7700c6611ccdfc2ca1b599b53117bb249bb11,yuifan/pexus4_external_guava,ant|maven|eclipse,https://github.com/yuifan/pexus4_external_guava,0,30
3786953,521,0e90c9e717928798a59f89244ef37281ff6558ee,biomart/biomart-rc7,ant|eclipse,https://github.com/biomart/biomart-rc7,1,8
13279634,9344,9577768bf4067ee80422727fa0fbf493d78a4d99,gracefullife/gerrit,eclipse|maven,https://github.com/gracefullife/gerrit,0,28
12925113,403,80ac9e75ae9149fa58bb1e30709367cdfe873312,Yubico/yubico-bitcoin-java,maven,https://github.com/Yubico/yubico-bitcoin-java,7,1
6290993,12,d68895f32fbc22001c0577ed6a91aa5a0fd37ef0,apache/crunch,maven|sbt,https://github.com/apache/crunch,82,1
6564414,9,02f4ff93fe75af5e6ebc6d0379e77f1cf2931f62,jjmason/android-resource-thief,eclipse|android,https://github.com/jjmason/android-resource-thief,0,1
6325915,435,a8c01ef460fc8ded9883226fcbd23d92750208a5,jclouds/jclouds-perftest-s3,maven,https://github.com/jclouds/jclouds-perftest-s3,0,4
9113580,232,1393be62f302ff186bffebb2b959233f089b8343,dCache/dcache,ant|eclipse|maven,https://github.com/dCache/dcache,57,7
12473663,709,81a52768c48531bf9ae41bca8a835bd8dffe5000,stevemlayton/archive-utils,ant,https://github.com/stevemlayton/archive-utils,0,6
12816227,779,ce5889fd63b0b5b29e4705bb9984d10c004e5870,henry4j/-,ant|eclipse|maven|android,https://github.com/henry4j/-,0,10
8504230,901,da35dcc8896ffa441f0c91df1063a7af9682f815,Blackrush/Shivas,maven,https://github.com/Blackrush/Shivas,7,15
13198861,1654,e1fc33881dac71757e55dbb4a9cd371a5ec5ed80,hi-entropy/reefy-draft,maven,https://github.com/hi-entropy/reefy-draft,0,24
12953256,2030,1cd137fd5c739fd153b0b5d37238157ed23c996f,grouplens/lenskit,eclipse|maven|idea,https://github.com/grouplens/lenskit,606,9
6765281,1745,ba5a3c641c31718c4d4f755120591aee0ae02ab4,datastax/java-driver,eclipse|maven,https://github.com/datastax/java-driver,808,14
3269077,57,34f0cf84f08779a52499ff2da202978aa7150f1c,mjedynak/concurrency-examples,maven,https://github.com/mjedynak/concurrency-examples,3,3
8888235,17957,9b6903b54fef23d73b62db546efd5ab772f2d8ef,maginatics/guava-libraries,ant|maven,https://github.com/maginatics/guava-libraries,-1,35
13789688,17957,f83bd3a20f06dd9b3ab788f8ae8f661555ba49c8,enriquessp/guava-libraries,ant|maven,https://github.com/enriquessp/guava-libraries,-1,35
3315140,5052,1567e5b74b349a4e9d332122ec715f50a3ac3f60,nethad/clustermeister,maven|ant,https://github.com/nethad/clustermeister,7,36
942381,459,ca5c2fc40d39cd8e6c7b2bd468a19b03a0ab86f6,saf/Funcheck,ant|eclipse,https://github.com/saf/Funcheck,1,5
4993697,16971,6b3ac2856ef0c31a119d07472321611c9a11192e,Evervolv/android_external_guava,ant|eclipse|maven,https://github.com/Evervolv/android_external_guava,1,30
10189115,1100,3af10a5a0ead83f9aca88e8b9a7ac2373f94cd9a,linxi246/dianying_fm,eclipse|maven,https://github.com/linxi246/dianying_fm,1,3
5784933,26115,ea386af8d6b307c4a1d1c176f57be82acd54cee8,dodgejesse/Temporal,eclipse|maven|ant,https://github.com/dodgejesse/Temporal,0,27
7070126,1962,922874d4a4b4a77dc5f90aaed2e9d7830dd80720,nlr/gamedevsoc,eclipse,https://github.com/nlr/gamedevsoc,-1,17
5175291,5976,75a555573789ddde12953c3eda7b25b9210103c9,airlift/airship,maven,https://github.com/airlift/airship,29,14
6785511,1620,8b95eebcb31127f7a76cdd08dcac54440429e9f4,cloudera/hdfs-nfs-proxy,maven,https://github.com/cloudera/hdfs-nfs-proxy,-1,3
4454846,801,fed0ab90bb9ae36ade0117ea4ff5e65693aca208,Abnaxos/pivote-java,maven,https://github.com/Abnaxos/pivote-java,1,1
7597773,591,058688de451d9aacd20d37b0f1aa25a35cca55e0,ties/commoncrawl-jsusage-v2,maven,https://github.com/ties/commoncrawl-jsusage-v2,0,2
9856891,31883,9af907b156500e8eed264675920a5439ca4bffb1,hank/feathercoinj,ant|maven,https://github.com/hank/feathercoinj,1,43
5904223,8783,cea7e8726cf87ee62ae9ae7d5bba9793621bfe13,JetBrains/kannotator,idea,https://github.com/JetBrains/kannotator,29,9
12677313,5877,9b8ae6206236f966fe8a1b141f34da08ef928702,ckamm/gerrit,eclipse|maven,https://github.com/ckamm/gerrit,1,2
13275232,669,e13fdba6eb342519be3ebf84d479fa30c307cea0,amino-cloud/amino,maven,https://github.com/amino-cloud/amino,5,1
1525077,6192,07e402c76fb86e4e2475b3cbf8b872f26cdc7375,TYPO3/gerrit,eclipse|maven,https://github.com/TYPO3/gerrit,1,2
4086159,144,07673568a4513c41102bc865cff4fc43840789fc,coenrecruitment/capsulecrm-java,,https://github.com/coenrecruitment/capsulecrm-java,7,2
1581151,586,aeb351756e5bf192b2ebfaa0498ee76a427dfd2d,itm/wsn-device-drivers,maven|eclipse,https://github.com/itm/wsn-device-drivers,6,9
2057742,1837,7cc807378859e7e6ca4d403ea35cf0851ba74a36,jim618/multibit,eclipse|ant|maven|idea,https://github.com/jim618/multibit,357,1
6018023,547,bd8eaea178aabaf6fbaaec98c6828de5aa6713b3,comunes/kune,eclipse|maven,https://github.com/comunes/kune,72,6
5310889,17296,af568193e6ee1015f38fb7c2bfed6228529f43b9,Noia/guava-libraries,ant|maven,https://github.com/Noia/guava-libraries,-1,30
7948704,2469,36fb761a34e1e84672339843ff12b5617ea9e042,oxhead/decoupled-hadoop,ant|eclipse|maven,https://github.com/oxhead/decoupled-hadoop,0,32
12616508,108,4c1b7962c46b2e7c3c3abe462163cb873585569f,dursunkoc/egits,maven,https://github.com/dursunkoc/egits,-1,2
12425803,2352,293e761688da6b9c601eb7f687ef5f76d9a64864,lisaglendenning/zookeeper-clients,maven,https://github.com/lisaglendenning/zookeeper-clients,2,19
9504214,10433,d140ed4bd6a2943787de3b3427abfd3a9f2460a0,facebook/buck,eclipse|idea|ant|android,https://github.com/facebook/buck,4825,51
12523290,779,b04fc4c6101f0492131ff40b7888bd832a8bd48c,henry4j/text,maven|eclipse,https://github.com/henry4j/text,-1,10
6238655,274,81b836fbd3123e6a3a6cbf351a56cdcd378380ee,seanp33/pento,maven,https://github.com/seanp33/pento,1,3
12677795,330,a2414938bbb571c1c7e3eeec16d57b64319116ad,ubi-city/yolo,idea|gradle|maven,https://github.com/ubi-city/yolo,-1,2
6683039,218,30f6521728979cf8cbd85a568b259bc4ffc1f4ae,coacoas/jaxjug-guava-presentation,gradle|sbt,https://github.com/coacoas/jaxjug-guava-presentation,0,4
11836577,142,69b824e5c034fa5da20b579eb9db2bb386a521df,barkbay/incubator-curator,maven|gradle|eclipse,https://github.com/barkbay/incubator-curator,0,1
3657930,8029,e54dd562354827703b796edd48b9f094d0336d3e,apache/jackrabbit-oak,maven,https://github.com/apache/jackrabbit-oak,202,4
7734861,238,ee52211f05f00706f1cb518dce8f3d572d0e1514,insidy/agentjs,eclipse|android,https://github.com/insidy/agentjs,0,1
11209024,136,faf693941aaa2dd6379fb48b2061661fc5970141,Kruithne/Minecraft-Server-Dump,,https://github.com/Kruithne/Minecraft-Server-Dump,-1,1
3441670,463,ad943808c9a953172faeb9158290cee24c6c98a0,ghais/rice,maven,https://github.com/ghais/rice,1,4
9282222,1278,df4c2187b72e62dc8a366bc4c7ea7e9f912a1e70,lisaglendenning/zookeeper-proxy,maven,https://github.com/lisaglendenning/zookeeper-proxy,6,11
7994726,182,7d49af4ba16cfccba85ab65ac8414f78779ec91c,markauskas/statsj,maven,https://github.com/markauskas/statsj,-1,1
3610533,1073,190eaebf1ace53c4e686beca3782fc4e2a788ce8,scorpiovn/guava-blog,eclipse|maven,https://github.com/scorpiovn/guava-blog,-1,33
5044503,209,704b100101a51fd4e88147a3efbcd98b55481477,kennyyu/protobuf-rpc,eclipse|maven,https://github.com/kennyyu/protobuf-rpc,1,1
7320156,1494,759e1f343e5c67b8092fae2fc6ef8bf683511570,tigeress/CuteDB,maven|eclipse,https://github.com/tigeress/CuteDB,0,3
1341207,213,46a2a672dec426643137e7dc85a3ebf3728c1559,serso/common,maven,https://github.com/serso/common,13,1
10121440,600,686bf1ab965718bbcf9309057a11977e6c17bbb3,switchgears/extreme-feedback-plugin,maven,https://github.com/switchgears/extreme-feedback-plugin,6,2
3751628,1633,f7a68eae779015504b132224281cd33ae1fcdc3c,sk89q/skmclauncher,maven,https://github.com/sk89q/skmclauncher,105,9
762124,486,8e378206977a8c45f1da45e64a73f05fe8c1ccad,atlasapi/atlas-feeds,maven,https://github.com/atlasapi/atlas-feeds,3,9
6413461,155,eabedccd0120b15ee30102e9b10c38237a5a4ae0,sivaprasadreddy/spring-demo-apps,maven,https://github.com/sivaprasadreddy/spring-demo-apps,-1,1
9842983,573,d92e56de9fe12e062475e6873d3b0fad2fb932d1,LaidBackLife/1_appy_sandbox_android_sdk,maven|android,https://github.com/LaidBackLife/1_appy_sandbox_android_sdk,-1,2
6686181,71,14db580e80c6186682ea7e52e646edd5f0230294,nlr/nlib,eclipse|ant,https://github.com/nlr/nlib,-1,1
11734010,16971,a95b5b18508792b1e56b2459db86ac0a07510bbb,xdtianyu/android-4.3,android|eclipse|ant|gradle|idea|maven,https://github.com/xdtianyu/android-4.3,15,30
2934386,5458,adcdbe82a124f5e84961569f505d7483cf6aa562,JaredMiller/Wave,ant|eclipse,https://github.com/JaredMiller/Wave,1,20
7278966,962,c72642d57078a1271fa7d0ebba32e3c85a9210a3,Jarlakxen/embedphantomjs,maven,https://github.com/Jarlakxen/embedphantomjs,15,10
5302684,657,13d6606fc3aac6c0d1799ac836ef3696c5ffb2f5,sadiqj/servicecentre,maven,https://github.com/sadiqj/servicecentre,1,4
12902364,74,0b41d9704931fb4c4286eaa4490b99059405b94d,yashs360/dril-localrepo,maven,https://github.com/yashs360/dril-localrepo,-1,2
9755673,3152,514c40b827173350455134ffc18a538acdabf168,krokicki/derecho,eclipse|ant,https://github.com/krokicki/derecho,1,2
3422949,1071,9efe96f90035152cd43353ecad6697b5cd994c8e,rwglab/p2p-triplestore,maven,https://github.com/rwglab/p2p-triplestore,1,28
4295474,1007,fd8f880333a3665e582406d90820a221633269f3,qinyu/ImageLoader,eclipse|android,https://github.com/qinyu/ImageLoader,1,4
6911644,402,8986de4f95be5ccfcd00a585b8c24f9c271223aa,parkghost/spring-asynchronous-future-composition,maven,https://github.com/parkghost/spring-asynchronous-future-composition,13,12
12836345,3102,3174b585ba82d36b0fe522b5a01f7d9a1ed2cf0a,TarantulaTechnology/netflixoss-recipes-rss-with-components,gradle,https://github.com/TarantulaTechnology/netflixoss-recipes-rss-with-components,1,19
10352826,1159,16f7071f746d1fc11f321717353e4c7236f0dfc7,daqcri/NADEEF,idea|ant,https://github.com/daqcri/NADEEF,27,6
13387029,142,544220b1e6b51c2718a7d3511a74962ff1c5ff48,dfjones/curator,maven|gradle|eclipse,https://github.com/dfjones/curator,0,1
2377712,533,e002ebfd9f736ff5bb363917bb7da90463277720,ahgittin/whirr,ant|maven,https://github.com/ahgittin/whirr,1,1
4274948,2554,60b37fc94fe7e4ab1add425a252e60957eafe85d,bitaites/program,maven|ant,https://github.com/bitaites/program,1,2
4624862,134,dabaa391a6362c37684419e42959aa41840a4202,ahgittin/brooklyn-mapr,maven,https://github.com/ahgittin/brooklyn-mapr,2,1
3274247,3133,0656781e58365b1bbdc3b6543dbe270f261848e6,ict-spitfire/smart-service-proxy,maven,https://github.com/ict-spitfire/smart-service-proxy,7,19
5264970,1650,a2eacd019c06831204dd19a96fa885d39e17ec91,cocaine/cocaine-framework-java,ant|maven,https://github.com/cocaine/cocaine-framework-java,20,42
2912721,180,257f383bd7825b27e892455b10f26da8500ad046,einarj/Playground-Guava-Future,maven,https://github.com/einarj/Playground-Guava-Future,0,2
3104934,625,79963c30e4419186e438dd6c82e03f9c7d9ca79a,mateuszszulc/BusWatcher,idea,https://github.com/mateuszszulc/BusWatcher,1,2
10727062,1259,213961485b036343d8a1a9b4cc7ae64f54efddd9,ArturD/wiki-graph,maven,https://github.com/ArturD/wiki-graph,0,10
2073668,16347,1af0fce117ceb5aa4408eab0752fee3b8dbdeae5,spullara/redis-protocol,maven,https://github.com/spullara/redis-protocol,263,364
13471833,61,778235afb8e528aef8519cd6c14a51054fd7b1e7,bingoohuang/java-sandbox,maven,https://github.com/bingoohuang/java-sandbox,-1,1
12892320,227,4f74be662111e9427f337925eae536e8b8e155b2,dhruvasa/Batch,ant,https://github.com/dhruvasa/Batch,1,1
11243357,563,ba8ca590f7b0ee5e56716ade01dee1e91989ccc8,tescherm/bigeats,gradle,https://github.com/tescherm/bigeats,1,2
4088587,184,46a5488d175528f494834ddcfe5620ee07a6d4fb,CodeStory/code-story-devoxx-france,maven,https://github.com/CodeStory/code-story-devoxx-france,23,2
1610564,1698,941eba8dde7bfc9496c323da848168774eb95958,jboss-fuse/fuse,maven|eclipse,https://github.com/jboss-fuse/fuse,103,2
1935818,6626,7a240021b931b240c33dca0b8443152fb82e0487,vega113/WaveInCloud,ant|eclipse,https://github.com/vega113/WaveInCloud,4,20
13353590,3777,32abc1ae464321b1352f6bf8ad086ee04075cb1b,ahmedbodi/Worldcoin-Android-Wallet,maven|idea|android,https://github.com/ahmedbodi/Worldcoin-Android-Wallet,1,13
10762718,622,b14fddd457e54471787a938e0d8fd0983f1dbf05,purecode/cultserv-api-client,maven,https://github.com/purecode/cultserv-api-client,-1,5
4138149,43,0aaf952915c025b072a700ed904ccce889492210,AfterHoursProjects/Clue-Solver,eclipse|maven,https://github.com/AfterHoursProjects/Clue-Solver,5,2
2297605,47605,4f1065dbb1860ae99cde561604c4886acc12f638,nterry/jclouds,maven|ant|eclipse,https://github.com/nterry/jclouds,0,1859
4237274,671,a7a95b1dd0b6013f7eb6ebd8135daf704cb5744a,arkenuity/service-invocator,eclipse|maven,https://github.com/arkenuity/service-invocator,1,1
6717406,17274,f2055926f98703f09e4f5ef9a6a78f3fca09ddc9,ytfei/guava,ant|maven,https://github.com/ytfei/guava,0,30
12362900,690,b836c099ecb2516e15ebf1ff27e590044fd58161,mofirouz/HoloOnkyo,gradle|android,https://github.com/mofirouz/HoloOnkyo,-1,4
5669818,1507,15f0fb80ff97028405d9b91e052e198666e002ce,renedescartes/sandbox,maven,https://github.com/renedescartes/sandbox,0,5
3526892,1026,5c18a6cc519a148c58d8ed5483fb6809e5623ee9,ipeirotis/Troia-Server,maven|eclipse,https://github.com/ipeirotis/Troia-Server,18,4
11790422,6767,00d05bf57afba9446bf881a23ec183ca18ab8fdf,wyyyrd/redstoned,maven,https://github.com/wyyyrd/redstoned,-1,68
832679,549,5ef75c92a17ac847f96b4a8b3344b01d4b2845d3,apache/whirr,ant|maven,https://github.com/apache/whirr,96,1
12835874,614,9b0b31072d58e9317e035b2ff809d19dc7e5d3a6,TarantulaTechnology/apache,ant|eclipse,https://github.com/TarantulaTechnology/apache,0,4
7484533,279,60157c0c66b8d73d403d88ca0f875bd99ca883ca,alexkalderimis/intermine-ws-client.java,maven,https://github.com/alexkalderimis/intermine-ws-client.java,0,4
5441050,27,80b8b1217c8bb765ac65ade57850f5de15e576b8,cinderella/cinderella-itests,maven,https://github.com/cinderella/cinderella-itests,0,1
10041012,634,6abf499b0090dc934ccd4678aba97dcb744e64ad,jclouds/jclouds-karaf,maven,https://github.com/jclouds/jclouds-karaf,6,3
7664107,990,244992ee43553f2ccec2ed8cc938a6872d6264b2,Nic0w/ProjectGreenRobot,maven,https://github.com/Nic0w/ProjectGreenRobot,0,7
2812528,655,960ee81a56daa48013ff4b5d2b99527c0ac0ad61,trask/sandbox,maven,https://github.com/trask/sandbox,0,5
8538582,7653,66690821ea57ccebdcd570e4353f09c221bbcf64,bergerkiller/CraftSource,eclipse,https://github.com/bergerkiller/CraftSource,6,3
7697947,3062,f2b87c8fa06d6be0718b662cc8ab60d9e7b42773,balraja/hitdb,maven,https://github.com/balraja/hitdb,-1,18
13237726,17879,3d54d63bcf4009ecff29e46f840ca03fd1d40f39,npvincent/guava,ant|maven,https://github.com/npvincent/guava,0,35
3282565,620,80997a94c0d4b0d722ed7e7b03c2c2f1402cb40a,okleine/nCoAP,maven|idea,https://github.com/okleine/nCoAP,75,1
13149174,422,2e79174171462551277d2e9088e63e5771c89e66,commercehub-oss/jclouds-gridfs-blobstore,gradle,https://github.com/commercehub-oss/jclouds-gridfs-blobstore,-1,44
9168794,2048,6e106da264915178becad726da980dca016787de,guoliqiang/coding,ant|maven|eclipse,https://github.com/guoliqiang/coding,5,30
3876814,6032,d953df9d672314e8877da36bd670eca23acc11d5,brooklyncentral/brooklyn,maven|eclipse|idea,https://github.com/brooklyncentral/brooklyn,73,19
8710960,8801,c8d4623724f4006fb1fdc4818387d0229a81c7e8,jjzazuet/seeds-libraries,gradle,https://github.com/jjzazuet/seeds-libraries,37,9
7495457,3667,9ae638905b3cda57b856d3ccfd091f9930d1dd25,prasadkps/myprojects,idea|maven|eclipse,https://github.com/prasadkps/myprojects,-1,26
2966598,349,203e746c9a3654bb07245628fdb02a66d02da307,ghais/rabbit,maven,https://github.com/ghais/rabbit,1,2
3123777,8710,dff57fb1536275f761bfb97d115b4615ae7368d2,missedone/cloudsync,eclipse|maven,https://github.com/missedone/cloudsync,-1,9
13546904,1823,6616c9b4f68d6da145969702f640649e5cf78c06,nunezro2/yarnHA,maven,https://github.com/nunezro2/yarnHA,0,27
11068199,646,622d3961a735db1840568036bf0f561edd95e7e4,djabry/worldwindmodel,maven,https://github.com/djabry/worldwindmodel,-1,2
11254311,2302,b7ecbec65554a3d2540b33bf7ff0d81b31407be4,cmri/bc-hadoop2.0,ant|maven,https://github.com/cmri/bc-hadoop2.0,8,32
9090323,55514,d70d793ebd3c09160216412bfbe191eee29bc090,lisaglendenning/zookeeper-lite,maven,https://github.com/lisaglendenning/zookeeper-lite,6,355
1347254,417,ed6642c0049cd0123551356c85323a8c3d0215fc,jclouds/legacy-jclouds-examples,maven|ant|eclipse,https://github.com/jclouds/legacy-jclouds-examples,75,2
3551851,620,8ba86e2122e6235f4702beceef7b00d0b7c2c0ac,Abnaxos/ch.raffael.util,maven,https://github.com/Abnaxos/ch.raffael.util,1,2
6358188,10857,fc80cf0f323b8f45dd7e80f5a4cc814ae6d691a7,metamx/druid,maven|gradle,https://github.com/metamx/druid,88,46
1983092,3715,c6c38180f39f8a25338f48979cd3b569aa75d7da,spring-projects/spring-data-redis,eclipse|maven|gradle,https://github.com/spring-projects/spring-data-redis,550,1
5447041,1463,4d0fc02632d2a31ae35ba3151cf9543723d28e32,zzonsang/jCloudsTest,eclipse|maven,https://github.com/zzonsang/jCloudsTest,0,26
10890066,17957,5027441c818d9b1737982fce55e0bdb7973eef2b,sensui/guava-libraries,ant|maven,https://github.com/sensui/guava-libraries,0,35
6198719,2300,17a6df1a9d003941714fdc135ca6ea61d25041d8,apurtell/hadoop,ant|eclipse|maven,https://github.com/apurtell/hadoop,0,32
12473338,2457,633dc98b517b7d9b67da532709589f956702f914,NiinS/Java,maven|eclipse,https://github.com/NiinS/Java,1,5
4871259,645,2afe141b82400e1b185a6e2e48e6878e41aefd30,SmartBear/loadui,maven|ant|eclipse,https://github.com/SmartBear/loadui,-1,7
8092009,2231,e4d6a8b3ec910ca6af37964ae3c47706bcd5c661,javabits/yar,gradle|maven,https://github.com/javabits/yar,3,10
4310199,266,aee6fe0fc008d7c26c9cfef16a253fea6b208354,vazexqi/JVMFuturesExploration,gradle,https://github.com/vazexqi/JVMFuturesExploration,15,11
6661319,12594,59e435d1fbd6c2272e0844549224bd78b5df5b37,nlr/Mixer,eclipse|maven,https://github.com/nlr/Mixer,1,21
13349043,96,9681e7be38e0eb32655dd8d723d030e4263afa4c,lytefast/andLib,,https://github.com/lytefast/andLib,0,1
1553798,1167,034b5a130a0d0af73d12db25782f764b5289a04f,eclipse/recommenders,maven|eclipse|ant,https://github.com/eclipse/recommenders,16,4
5104187,16971,4a7d71972daa85e40ccbc5253a7e9e69624a7312,AOKP/external_guava,ant|eclipse|maven,https://github.com/AOKP/external_guava,1,30
2993641,180,ea8aeceb16bd9798b76571acb54f2a4d6c8dba90,stuartgunter/guava-demo,maven,https://github.com/stuartgunter/guava-demo,15,5
507775,1951,da938a659d3f5459167ea7f39eade00e004b66b4,elasticsearch/elasticsearch,idea|gradle|maven,https://github.com/elasticsearch/elasticsearch,23509,3
13595279,15188,91e9dd15d295f329d15c11bb1aed0caca43638f0,ahmedbodi/Digitalcoin-Android,maven|idea|android,https://github.com/ahmedbodi/Digitalcoin-Android,3,22
11278360,278,c9a8d69f072d7679276d8323492028108e21dab7,ivan-korobkov/fluent,maven,https://github.com/ivan-korobkov/fluent,-1,7
13263632,340,f10767270c830092d07ab87269d62d25014604db,jizhang/micro-scheduler,maven,https://github.com/jizhang/micro-scheduler,0,9
10637895,4308,f8f5411ea0c17496090b65562f3b4b2da48cd059,apache/incubator-tez,maven|eclipse,https://github.com/apache/incubator-tez,52,6
11903321,2333,b556d51d8a8794875fe73300417d641c71e127c7,anteoc/hadoop-fork,ant|eclipse|maven,https://github.com/anteoc/hadoop-fork,0,32
12796669,38685,3b1f94e36349d89695a90175486fb323ad4b7681,lisaglendenning/safari,maven,https://github.com/lisaglendenning/safari,0,332
9924601,922,63e7c3bb674bee3767e5dadacbcdd80292a959e2,aadnk/BukkitExecutors,eclipse|maven,https://github.com/aadnk/BukkitExecutors,1,7
4653586,1527,5bc47691d53ae4f37a5eeef9ef3ce13ca1907b56,mgodave/esl-client,eclipse|maven,https://github.com/mgodave/esl-client,22,11
13393953,104,c2f71d3922a0fa7546703e66f1dba27f92134fab,vlastimil-dolejs/concurency-comparison,maven,https://github.com/vlastimil-dolejs/concurency-comparison,0,2
9856275,384,da389b52d40fcc222183734e6464b99c14f32e70,haghard/Rulex,gradle|maven,https://github.com/haghard/Rulex,0,3
4755347,269,7c663bf604a5264df1b46bea7b62a672a7b43423,eldur/dt,maven,https://github.com/eldur/dt,1,1
5012085,522,e2bec0c29b00f3f19e2cdfcd31d72191f4529881,Netflix/netflix-commons,eclipse|gradle,https://github.com/Netflix/netflix-commons,94,7
5159780,16871,c4fe016b298ae37fdc6384e45ad99fcaabe78c75,jkpark/jellybean_4.1.1_r3,eclipse|android|ant|maven,https://github.com/jkpark/jellybean_4.1.1_r3,-1,28
12405737,860,c77caa576f1540cd54a49fd5218900610057bc16,umatrangolo/web-exchange-rate,,https://github.com/umatrangolo/web-exchange-rate,0,6
1497828,3167,7cccbd40acedd61a749f998e443d0af99e36a123,ning/atlas,maven,https://github.com/ning/atlas,32,52
1597325,3104,0b6c26d84a69e2af7fe3c5fbfa8d5cbd5a85a26c,dhanji/sitebricks,ant|maven,https://github.com/dhanji/sitebricks,253,55
10929752,1972,73d6ef0ec8fb25e34929a7ca3f718176c8abc846,ArtPara/DiscreteOptimisation,ant,https://github.com/ArtPara/DiscreteOptimisation,-1,8
4552606,529,0a764cd8f74457df3962129e1d193693ab5dbab8,metamx/emitter,maven,https://github.com/metamx/emitter,8,5
5735998,6297,10b8774148685be27e231ef72e1c5b18c94f1d95,m1kah/gerrit-contributions,eclipse|maven,https://github.com/m1kah/gerrit-contributions,0,2
489859,74175,1665a70471609aed0314dc60e27a80c7ffa65d45,jclouds/legacy-jclouds,maven|ant|eclipse,https://github.com/jclouds/legacy-jclouds,493,2712
10040978,55,d429f324bd29edbcecdcee61591fe16a622ccf4c,jclouds/jclouds-labs-aws,maven,https://github.com/jclouds/jclouds-labs-aws,5,1
1922953,3632,3a57dd523299f9486118e2e8fc6bf32f38dd8f20,itm/itm-utils,maven,https://github.com/itm/itm-utils,4,76
6105413,189,fbb911fefe174186554989c103a8de5273865d1a,plajko/gwt-shiro,maven,https://github.com/plajko/gwt-shiro,2,3
3424255,169,8b79933db6ee32319fb82623572b970502487cf3,anandrao/Guava-Samples,maven,https://github.com/anandrao/Guava-Samples,2,1
5139458,287,240f440dd8d2a4cd05b2ee8c960f7699bea0a395,mlc/scalerd,idea|maven,https://github.com/mlc/scalerd,1,1
12332318,61,c3581335bdab44ec2d73288a21f204c9428bc69e,6kV/smartn,maven,https://github.com/6kV/smartn,-1,1
4681328,4270,9f7bf0d70398dab097c1af1922b6959558b7beba,airlift/airlift,maven,https://github.com/airlift/airlift,208,47
8930299,3311,5b2c629535df07f23b3ff9538fa38c9f9df697a5,atlasapi/atlas-elasticsearch,maven,https://github.com/atlasapi/atlas-elasticsearch,0,19
6145467,1941,f7f207786fe70d2705592f9061bf63eeb81fc7e6,mgodave/riemann-client,maven,https://github.com/mgodave/riemann-client,12,52
3869967,8399,52aa1dbf318dd830f40d1f21f21d5d0c8ab9f4d3,soluvas/soluvas-framework,maven|sbt|gradle|idea,https://github.com/soluvas/soluvas-framework,8,51
4693416,17244,8cc93151a9fa7d3c86bd5a1ec7e4665147493f8c,Noia/guava-clone-FLF,ant|maven,https://github.com/Noia/guava-clone-FLF,-1,30
11471575,11184,00006134af632ddffd891c3d0a775caabb35eacc,samboneym/gerrit,eclipse|maven,https://github.com/samboneym/gerrit,-1,27
9854965,712,6e324b345429ba8bbdf13ef37ace682f0096e793,mrenouf/mtgox-socket-client,eclipse,https://github.com/mrenouf/mtgox-socket-client,-1,3
4127323,275,105238010b84af11231e2033a37bb9793b48a06c,agh-miss/ResourceMonitor,maven|eclipse,https://github.com/agh-miss/ResourceMonitor,1,1
466142,1884,95db68c542fc3c55bef014e094170324a70ef5e5,wwadge/bonecp,maven|eclipse,https://github.com/wwadge/bonecp,473,1
7763363,795,97ec628d8855211a71676f9513fcdf83d833d904,ratpack/ratpack,gradle,https://github.com/ratpack/ratpack,1518,3
13014097,964,d12ca14250d71656b5c5699aa3ab8f342a2e419c,mikehearn/PayFile,maven,https://github.com/mikehearn/PayFile,59,4
13238820,306,884e96b7aa7ad7463ff89382eaffb69541e50659,iharh/bin,ant|sbt,https://github.com/iharh/bin,0,2
12178391,190,798ab2ad8b1c0bc267036eb6544f854ab910f478,mcaprari/java-reusables,maven,https://github.com/mcaprari/java-reusables,0,2
12961922,525,4b960010341259e2c0ed91a65fabf8c1b5cb3b53,cjjavellana/psm,maven,https://github.com/cjjavellana/psm,0,2
13066929,809,f154cf3ee62e9c3da0d7be84f6644ae3e9a38508,smith61/AdventurePlugin,maven,https://github.com/smith61/AdventurePlugin,0,6
2444398,2327,92926d9312496482828a9c1f8e393c4b5e96139f,steveloughran/hadoop-trunk,ant|eclipse|maven,https://github.com/steveloughran/hadoop-trunk,1,32
11884520,1745,2cc8917a9c3f947ff44cc1b1a714a62034ec47c3,timur87/orion-jclouds,maven,https://github.com/timur87/orion-jclouds,1,23
4434450,575,7789125d9c8459507906ac110959355d70c12c67,nethad/clustermeister-examples,maven,https://github.com/nethad/clustermeister-examples,2,3
6873638,1650,39c7fd8fb6a91366029574684f48b5039cdf43ef,ComputeNext/jclouds-computenext,eclipse|maven,https://github.com/ComputeNext/jclouds-computenext,3,73
6643781,2300,ec9d9df21140aaa937782a16ee83de2a5b9241e4,4knahs/ndby,maven,https://github.com/4knahs/ndby,0,32
11916359,11772,93746edb9322f6af5efa6e910eb6dd577a29e353,transcoder/casinocoinj,maven,https://github.com/transcoder/casinocoinj,0,9
6154058,6407,ce465c4b451dfac6776a34e3dc0a06f5bb2cb5aa,researchstudio-sat/webofneeds,maven|idea,https://github.com/researchstudio-sat/webofneeds,26,29
